CREATE DATABASE  IF NOT EXISTS `MYSQLDB` /*!40100 DEFAULT CHARACTER SET utf8mb4 */;
USE `MYSQLDB`;

/*!40101 SET @OLD_CHARACTER_SET_CLIENT=@@CHARACTER_SET_CLIENT */;
/*!40101 SET @OLD_CHARACTER_SET_RESULTS=@@CHARACTER_SET_RESULTS */;
/*!40101 SET @OLD_COLLATION_CONNECTION=@@COLLATION_CONNECTION */;
/*!40101 SET NAMES utf8 */;
/*!40103 SET @OLD_TIME_ZONE=@@TIME_ZONE */;
/*!40103 SET TIME_ZONE='+00:00' */;
/*!40014 SET @OLD_UNIQUE_CHECKS=@@UNIQUE_CHECKS, UNIQUE_CHECKS=0 */;
/*!40014 SET @OLD_FOREIGN_KEY_CHECKS=@@FOREIGN_KEY_CHECKS, FOREIGN_KEY_CHECKS=0 */;
/*!40101 SET @OLD_SQL_MODE=@@SQL_MODE, SQL_MODE='NO_AUTO_VALUE_ON_ZERO' */;
/*!40111 SET @OLD_SQL_NOTES=@@SQL_NOTES, SQL_NOTES=0 */;

--
-- Table structure for table `certificates`
--

DROP TABLE IF EXISTS `certificates`;
/*!40101 SET @saved_cs_client     = @@character_set_client */;
/*!40101 SET character_set_client = utf8 */;
CREATE TABLE `certificates` (
  `serial_number` varbinary(128) NOT NULL,
  `authority_key_identifier` varbinary(128) NOT NULL,
  `ca_label` varbinary(128) DEFAULT NULL,
  `status` varbinary(128) NOT NULL,
  `reason` int(11) DEFAULT NULL,
  `expiry` timestamp NOT NULL DEFAULT '0000-00-00 00:00:00',
  `revoked_at` timestamp NOT NULL DEFAULT '0000-00-00 00:00:00',
  `pem` varbinary(4096) NOT NULL,
  PRIMARY KEY (`serial_number`,`authority_key_identifier`)
) ENGINE=InnoDB DEFAULT CHARSET=utf8mb4;
/*!40101 SET character_set_client = @saved_cs_client */;

--
-- Dumping data for table `certificates`
--

LOCK TABLES `certificates` WRITE;
/*!40000 ALTER TABLE `certificates` ENABLE KEYS */;
UNLOCK TABLES;

--
-- Table structure for table `email_confirmations`
--

DROP TABLE IF EXISTS `email_confirmations`;
/*!40101 SET @saved_cs_client     = @@character_set_client */;
/*!40101 SET character_set_client = utf8 */;
CREATE TABLE `email_confirmations` (
  `id` int(10) unsigned NOT NULL AUTO_INCREMENT,
  `usersId` int(10) unsigned NOT NULL,
  `code` char(32) NOT NULL,
  `createdAt` int(10) unsigned NOT NULL,
  `modifiedAt` int(10) unsigned DEFAULT NULL,
  `confirmed` char(1) DEFAULT 'N',
  PRIMARY KEY (`id`)
) ENGINE=InnoDB DEFAULT CHARSET=utf8;
/*!40101 SET character_set_client = @saved_cs_client */;

--
-- Dumping data for table `email_confirmations`
--

LOCK TABLES `email_confirmations` WRITE;
/*!40000 ALTER TABLE `email_confirmations` DISABLE KEYS */;
/*!40000 ALTER TABLE `email_confirmations` ENABLE KEYS */;
UNLOCK TABLES;

--
-- Table structure for table `failed_logins`
--

DROP TABLE IF EXISTS `failed_logins`;
/*!40101 SET @saved_cs_client     = @@character_set_client */;
/*!40101 SET character_set_client = utf8 */;
CREATE TABLE `failed_logins` (
  `id` int(10) unsigned NOT NULL AUTO_INCREMENT,
  `usersId` int(10) unsigned DEFAULT NULL,
  `ipAddress` char(15) NOT NULL,
  `attempted` int(10) unsigned NOT NULL,
  PRIMARY KEY (`id`),
  KEY `usersId` (`usersId`)
) ENGINE=InnoDB DEFAULT CHARSET=utf8;
/*!40101 SET character_set_client = @saved_cs_client */;

--
-- Dumping data for table `failed_logins`
--

LOCK TABLES `failed_logins` WRITE;
/*!40000 ALTER TABLE `failed_logins` DISABLE KEYS */;
/*!40000 ALTER TABLE `failed_logins` ENABLE KEYS */;
UNLOCK TABLES;

--
-- Table structure for table `goose_db_version`
--

DROP TABLE IF EXISTS `goose_db_version`;
/*!40101 SET @saved_cs_client     = @@character_set_client */;
/*!40101 SET character_set_client = utf8 */;
CREATE TABLE `goose_db_version` (
  `id` bigint(20) unsigned NOT NULL AUTO_INCREMENT,
  `version_id` bigint(20) NOT NULL,
  `is_applied` tinyint(1) NOT NULL,
  `tstamp` timestamp NULL DEFAULT CURRENT_TIMESTAMP,
  PRIMARY KEY (`id`),
  UNIQUE KEY `id` (`id`)
) ENGINE=InnoDB AUTO_INCREMENT=3 DEFAULT CHARSET=utf8mb4;
/*!40101 SET character_set_client = @saved_cs_client */;

--
-- Dumping data for table `goose_db_version`
--

LOCK TABLES `goose_db_version` WRITE;
/*!40000 ALTER TABLE `goose_db_version` DISABLE KEYS */;
INSERT INTO `goose_db_version` VALUES (1,0,1,'2017-11-01 20:02:18'),(2,1,1,'2017-11-01 20:02:20');
/*!40000 ALTER TABLE `goose_db_version` ENABLE KEYS */;
UNLOCK TABLES;

--
-- Table structure for table `ocsp_responses`
--

DROP TABLE IF EXISTS `ocsp_responses`;
/*!40101 SET @saved_cs_client     = @@character_set_client */;
/*!40101 SET character_set_client = utf8 */;
CREATE TABLE `ocsp_responses` (
  `serial_number` varbinary(128) NOT NULL,
  `authority_key_identifier` varbinary(128) NOT NULL,
  `body` varbinary(4096) NOT NULL,
  `expiry` timestamp NOT NULL DEFAULT '0000-00-00 00:00:00',
  PRIMARY KEY (`serial_number`,`authority_key_identifier`)
) ENGINE=InnoDB DEFAULT CHARSET=utf8mb4;
/*!40101 SET character_set_client = @saved_cs_client */;

--
-- Dumping data for table `ocsp_responses`
--

LOCK TABLES `ocsp_responses` WRITE;
/*!40000 ALTER TABLE `ocsp_responses` DISABLE KEYS */;
/*!40000 ALTER TABLE `ocsp_responses` ENABLE KEYS */;
UNLOCK TABLES;

--
-- Table structure for table `password_changes`
--

DROP TABLE IF EXISTS `password_changes`;
/*!40101 SET @saved_cs_client     = @@character_set_client */;
/*!40101 SET character_set_client = utf8 */;
CREATE TABLE `password_changes` (
  `id` int(10) unsigned NOT NULL AUTO_INCREMENT,
  `usersId` int(10) unsigned NOT NULL,
  `ipAddress` char(15) NOT NULL,
  `userAgent` text NOT NULL,
  `createdAt` int(10) unsigned NOT NULL,
  PRIMARY KEY (`id`),
  KEY `usersId` (`usersId`)
) ENGINE=InnoDB DEFAULT CHARSET=utf8;
/*!40101 SET character_set_client = @saved_cs_client */;

--
-- Dumping data for table `password_changes`
--

LOCK TABLES `password_changes` WRITE;
/*!40000 ALTER TABLE `password_changes` DISABLE KEYS */;
/*!40000 ALTER TABLE `password_changes` ENABLE KEYS */;
UNLOCK TABLES;

--
-- Table structure for table `permissions`
--

DROP TABLE IF EXISTS `permissions`;
/*!40101 SET @saved_cs_client     = @@character_set_client */;
/*!40101 SET character_set_client = utf8 */;
CREATE TABLE `permissions` (
  `id` int(10) unsigned NOT NULL AUTO_INCREMENT,
  `profilesId` int(10) unsigned NOT NULL,
  `resource` varchar(16) NOT NULL,
  `action` varchar(16) NOT NULL,
  PRIMARY KEY (`id`),
  KEY `profilesId` (`profilesId`)
) ENGINE=InnoDB AUTO_INCREMENT=23 DEFAULT CHARSET=utf8;
/*!40101 SET character_set_client = @saved_cs_client */;

--
-- Dumping data for table `permissions`
--

LOCK TABLES `permissions` WRITE;
/*!40000 ALTER TABLE `permissions` DISABLE KEYS */;
INSERT INTO `permissions` VALUES (1,3,'users','index'),(2,3,'users','search'),(3,3,'profiles','index'),(4,3,'profiles','search'),(5,1,'users','index'),(6,1,'users','search'),(7,1,'users','edit'),(8,1,'users','create'),(9,1,'users','delete'),(10,1,'users','changePassword'),(11,1,'profiles','index'),(12,1,'profiles','search'),(13,1,'profiles','edit'),(14,1,'profiles','create'),(15,1,'profiles','delete'),(16,1,'permissions','index'),(17,2,'users','index'),(18,2,'users','search'),(19,2,'users','edit'),(20,2,'users','create'),(21,2,'profiles','index'),(22,2,'profiles','search');
/*!40000 ALTER TABLE `permissions` ENABLE KEYS */;
UNLOCK TABLES;

--
-- Table structure for table `profiles`
--

DROP TABLE IF EXISTS `profiles`;
/*!40101 SET @saved_cs_client     = @@character_set_client */;
/*!40101 SET character_set_client = utf8 */;
CREATE TABLE `profiles` (
  `id` int(10) unsigned NOT NULL AUTO_INCREMENT,
  `name` varchar(64) NOT NULL,
  `active` char(1) NOT NULL,
  PRIMARY KEY (`id`),
  KEY `active` (`active`)
) ENGINE=InnoDB AUTO_INCREMENT=4 DEFAULT CHARSET=utf8;
/*!40101 SET character_set_client = @saved_cs_client */;

--
-- Dumping data for table `profiles`
--

LOCK TABLES `profiles` WRITE;
/*!40000 ALTER TABLE `profiles` DISABLE KEYS */;
INSERT INTO `profiles` VALUES (1,'Administrators','Y'),(2,'Users','Y'),(3,'Read-Only','Y');
/*!40000 ALTER TABLE `profiles` ENABLE KEYS */;
UNLOCK TABLES;

--
-- Table structure for table `remember_tokens`
--

DROP TABLE IF EXISTS `remember_tokens`;
/*!40101 SET @saved_cs_client     = @@character_set_client */;
/*!40101 SET character_set_client = utf8 */;
CREATE TABLE `remember_tokens` (
  `id` int(10) unsigned NOT NULL AUTO_INCREMENT,
  `usersId` int(10) unsigned NOT NULL,
  `token` char(32) NOT NULL,
  `userAgent` varchar(120) NOT NULL,
  `createdAt` int(10) unsigned NOT NULL,
  PRIMARY KEY (`id`),
  KEY `token` (`token`)
) ENGINE=InnoDB DEFAULT CHARSET=utf8;
/*!40101 SET character_set_client = @saved_cs_client */;

--
-- Dumping data for table `remember_tokens`
--

LOCK TABLES `remember_tokens` WRITE;
/*!40000 ALTER TABLE `remember_tokens` DISABLE KEYS */;
/*!40000 ALTER TABLE `remember_tokens` ENABLE KEYS */;
UNLOCK TABLES;

--
-- Table structure for table `reset_passwords`
--

DROP TABLE IF EXISTS `reset_passwords`;
/*!40101 SET @saved_cs_client     = @@character_set_client */;
/*!40101 SET character_set_client = utf8 */;
CREATE TABLE `reset_passwords` (
  `id` int(10) unsigned NOT NULL AUTO_INCREMENT,
  `usersId` int(10) unsigned NOT NULL,
  `code` varchar(48) NOT NULL,
  `createdAt` int(10) unsigned NOT NULL,
  `modifiedAt` int(10) unsigned DEFAULT NULL,
  `reset` char(1) NOT NULL,
  PRIMARY KEY (`id`),
  KEY `usersId` (`usersId`)
) ENGINE=InnoDB DEFAULT CHARSET=utf8;
/*!40101 SET character_set_client = @saved_cs_client */;

--
-- Dumping data for table `reset_passwords`
--

LOCK TABLES `reset_passwords` WRITE;
/*!40000 ALTER TABLE `reset_passwords` DISABLE KEYS */;
/*!40000 ALTER TABLE `reset_passwords` ENABLE KEYS */;
UNLOCK TABLES;

--
-- Table structure for table `success_logins`
--

DROP TABLE IF EXISTS `success_logins`;
/*!40101 SET @saved_cs_client     = @@character_set_client */;
/*!40101 SET character_set_client = utf8 */;
CREATE TABLE `success_logins` (
  `id` int(10) unsigned NOT NULL AUTO_INCREMENT,
  `usersId` int(10) unsigned NOT NULL,
  `ipAddress` char(15) NOT NULL,
  `userAgent` varchar(120) NOT NULL,
  PRIMARY KEY (`id`),
  KEY `usersId` (`usersId`)
) ENGINE=InnoDB DEFAULT CHARSET=utf8;
/*!40101 SET character_set_client = @saved_cs_client */;

--
-- Dumping data for table `success_logins`
--

LOCK TABLES `success_logins` WRITE;
/*!40000 ALTER TABLE `success_logins` DISABLE KEYS */;
/*!40000 ALTER TABLE `success_logins` ENABLE KEYS */;
UNLOCK TABLES;

--
-- Table structure for table `users`
--

DROP TABLE IF EXISTS `users`;
/*!40101 SET @saved_cs_client     = @@character_set_client */;
/*!40101 SET character_set_client = utf8 */;
CREATE TABLE `users` (
  `id` int(10) unsigned NOT NULL AUTO_INCREMENT,
  `name` varchar(255) NOT NULL,
  `email` varchar(255) NOT NULL,
  `password` char(60) NOT NULL,
  `mustChangePassword` char(1) DEFAULT NULL,
  `profilesId` int(10) unsigned NOT NULL,
  `banned` char(1) NOT NULL,
  `suspended` char(1) NOT NULL,
  `active` char(1) DEFAULT NULL,
  PRIMARY KEY (`id`),
  KEY `profilesId` (`profilesId`)
) ENGINE=InnoDB AUTO_INCREMENT=5 DEFAULT CHARSET=utf8;
/*!40101 SET character_set_client = @saved_cs_client */;

--
-- Dumping data for table `users`
--

LOCK TABLES `users` WRITE;
/*!40000 ALTER TABLE `users` DISABLE KEYS */;
INSERT INTO `users` VALUES (1,'Bob Burnquist','bob@phalconphp.com','$2a$08$Lx1577KNhPa9lzFYKssadetmbhaveRtCoVaOnoXXxUIhrqlCJYWCW','N',1,'N','N','Y'),(2,'Erik','erik@phalconphp.com','$2a$08$f4llgFQQnhPKzpGmY1sOuuu23nYfXYM/EVOpnjjvAmbxxDxG3pbX.','N',1,'Y','Y','Y'),(3,'Veronica','veronica@phalconphp.com','$2a$08$NQjrh9fKdMHSdpzhMj0xcOSwJQwMfpuDMzgtRyA89ADKUbsFZ94C2','N',1,'N','N','Y'),(4,'Yukimi Nagano','yukimi@phalconphp.com','$2a$08$cxxpy4Jvt6Q3xGKgMWIILuf75RQDSroenvoB7L..GlXoGkVEMoSr.','N',2,'N','N','Y');
/*!40000 ALTER TABLE `users` ENABLE KEYS */;
UNLOCK TABLES;
/*!40103 SET TIME_ZONE=@OLD_TIME_ZONE */;

/*!40101 SET SQL_MODE=@OLD_SQL_MODE */;
/*!40014 SET FOREIGN_KEY_CHECKS=@OLD_FOREIGN_KEY_CHECKS */;
/*!40014 SET UNIQUE_CHECKS=@OLD_UNIQUE_CHECKS */;
/*!40101 SET CHARACTER_SET_CLIENT=@OLD_CHARACTER_SET_CLIENT */;
/*!40101 SET CHARACTER_SET_RESULTS=@OLD_CHARACTER_SET_RESULTS */;
/*!40101 SET COLLATION_CONNECTION=@OLD_COLLATION_CONNECTION */;
/*!40111 SET SQL_NOTES=@OLD_SQL_NOTES */;

-- Dump completed on 2018-07-12 20:00:31
